0,0.13187881,0.065055005,0.2979164,0.35262075,0.15252908
1,0.81107163,0.042357475,0.09993963,0.030442612,0.016188666
2,0.9669932,0.016292408,0.0077244556,0.0089679025,2.2042204e-05
3,0.11252444,0.040572092,0.2828981,0.39982173,0.16418363
4,0.13779978,0.06345948,0.29434177,0.35513547,0.14926344
5,0.99583817,0.00022150786,0.0022010896,0.0017393299,9.396317e-10
6,0.16755275,0.12036417,0.29571843,0.28789827,0.1284664
7,0.9240248,0.033580095,0.02758865,0.01191574,0.0028906993
8,0.13083161,0.05754098,0.29394746,0.3640564,0.1536236
9,0.1587239,0.12157674,0.30119345,0.29092866,0.12757723
10,0.9674127,0.01751257,0.0077766567,0.007277973,2.0104382e-05
11,0.21113949,0.20628175,0.27475807,0.2138266,0.09399414
12,0.30434957,0.21560349,0.24540575,0.16391002,0.07073123
13,0.21931104,0.21040785,0.27330118,0.20764461,0.0893353
14,0.914021,0.022646384,0.04642152,0.011578553,0.0053324616
15,0.10990374,0.043214522,0.2855728,0.39924368,0.16206533
16,0.9271928,0.035688005,0.01768091,0.019363288,7.498273e-05
17,0.14915638,0.09786509,0.3046757,0.30963683,0.13866602
18,0.84695196,0.052846573,0.06357958,0.027819285,0.008802544
19,0.11401205,0.052125152,0.2863258,0.39105284,0.15648417
20,0.19500557,0.17845644,0.28184956,0.24122445,0.103464
21,0.13054362,0.06332597,0.2958532,0.35836965,0.15190755
22,0.78609,0.054225802,0.106262416,0.035951454,0.017470298
23,0.9997714,1.340851e-08,9.831989e-05,0.00013023059,1.3889078e-16
24,0.15686381,0.12798665,0.29423958,0.2969973,0.123912655
25,0.9427343,0.03468117,0.011497598,0.010947736,0.00013913348
26,0.9249676,0.043428928,0.018673098,0.012504609,0.00042568252
27,0.8612602,0.038335484,0.06871369,0.021932546,0.009758072
28,0.9861348,0.0033744385,0.0045251283,0.005964847,8.178283e-07
29,0.1259476,0.057682563,0.29144204,0.3698845,0.15504332
30,0.13158028,0.075047545,0.2995132,0.344741,0.14911798
31,0.89509314,0.06254338,0.021377785,0.019893695,0.0010920189
32,0.13619985,0.08700464,0.3021824,0.33085474,0.14375831
33,0.15619577,0.13103485,0.30065078,0.2854877,0.12663089
34,0.13463208,0.0859209,0.30011883,0.33693936,0.14238879
35,0.12735721,0.062371973,0.29693702,0.36031973,0.15301399
36,0.10375567,0.026851824,0.26077497,0.44533533,0.16328222
37,0.16214846,0.15608786,0.29033893,0.27102152,0.12040326
38,0.13796861,0.053305022,0.28938523,0.36830804,0.15103309
39,0.1453019,0.11295275,0.30301964,0.30361027,0.13511546
40,0.58203644,0.10983821,0.18393183,0.08324583,0.04094767
41,0.81928563,0.04301492,0.0913746,0.03172592,0.014598986
42,0.13558765,0.05887941,0.28874213,0.3670006,0.14979012
43,0.9092124,0.046762165,0.026065951,0.015487786,0.0024717012
44,0.8897773,0.035209786,0.051041353,0.017683795,0.006287667
45,0.1226299,0.07737812,0.2950864,0.35806355,0.14684209
46,0.122159906,0.055859633,0.29576114,0.3675637,0.15865554
47,0.12892872,0.06938349,0.29847124,0.35293493,0.15028168
48,0.14823414,0.08691609,0.30102137,0.32336724,0.1404611
49,0.98085016,0.0063423817,0.006124881,0.006680408,2.2732204e-06
50,0.6629842,0.08294955,0.15304664,0.06927194,0.0317477
51,0.18302381,0.20134065,0.2797619,0.23313227,0.102741346
52,0.16391525,0.12709881,0.29758093,0.28508142,0.1263236
53,0.13850112,0.07223336,0.297905,0.34160227,0.1497582
54,0.13774665,0.05960791,0.29487795,0.35678867,0.15097882
55,0.17394198,0.15499124,0.29022136,0.26464096,0.116204455
56,0.19532774,0.19553542,0.27766955,0.23042127,0.101045996
57,0.1426053,0.05833212,0.27804837,0.3759307,0.1450835
58,0.13407825,0.08471271,0.30400196,0.33093786,0.14626923
59,0.83447224,0.04266057,0.08374588,0.02651474,0.01260662
60,0.12469908,0.05425552,0.29236168,0.3728794,0.15580426
61,0.9489832,0.027681837,0.01131424,0.011937183,8.356508e-05
62,0.87796384,0.031116338,0.06421591,0.017983627,0.008720432
63,0.82558167,0.03897282,0.04765503,0.08761544,0.00017507956
64,0.95951307,0.0017985378,0.015435512,0.023252802,9.579753e-08
65,0.16701888,0.10175492,0.29275215,0.3108561,0.12761796
66,0.15626891,0.11763688,0.30230263,0.29502794,0.12876365
67,0.14305116,0.079055116,0.3007324,0.33397686,0.14318442
68,0.15062511,0.11083517,0.30357006,0.30187365,0.13309602
69,0.13836509,0.102012224,0.29825208,0.32037374,0.14099686
70,0.9999012,5.2086124e-10,5.584097e-05,4.3050673e-05,2.7487434e-21
71,0.14376126,0.08202164,0.30390662,0.3270302,0.14328025
72,0.8621355,0.03692354,0.07013131,0.021014003,0.009795691
73,0.961759,0.018284513,0.00989698,0.010026504,3.305432e-05
74,0.16266759,0.10300004,0.29985416,0.3031262,0.13135202
75,0.85076505,0.03330989,0.08036428,0.023400277,0.012160455
76,0.919765,0.040821113,0.024187768,0.012897839,0.0023282613
77,0.9036895,0.062491328,0.018266365,0.014410809,0.0011420485
78,0.8730623,0.03692322,0.0605022,0.021181813,0.008330424
79,0.85813606,0.06886626,0.03381747,0.036976196,0.0022039847
80,0.12880921,0.06462363,0.298008,0.3547603,0.15379876
81,0.9436035,0.028769655,0.017807232,0.008346568,0.001472987
82,0.13849959,0.08382249,0.30178836,0.33029184,0.14559774
83,0.9431522,0.03149907,0.0120264385,0.013218295,0.000103946695
84,0.9379315,0.0019140635,0.023768283,0.03638611,1.059345e-07
85,0.97508633,0.010624757,0.008135911,0.00614759,5.421996e-06
86,0.8896483,0.045240723,0.04109063,0.019243,0.004777346
87,0.9639902,0.016067682,0.009529652,0.010395844,1.6520984e-05
88,0.9426896,0.028581588,0.013899017,0.014784656,4.5122808e-05
89,0.1478791,0.11564016,0.29973987,0.30255717,0.13418375
90,0.15235788,0.12870213,0.2967167,0.29347327,0.12875003
91,0.12399879,0.05719182,0.2957725,0.36649042,0.15654649
92,0.96328187,0.017287416,0.009308708,0.010096656,2.5345798e-05
93,0.95381844,0.026131976,0.010415863,0.009419637,0.00021414932
94,0.8758743,0.041241746,0.055636656,0.019874033,0.0073732794
95,0.9674568,0.023039764,0.0054528983,0.003982456,6.801431e-05
96,0.88180524,0.033664376,0.05888011,0.017905954,0.007744334
97,0.1343661,0.06920185,0.2893019,0.35655117,0.15057895
98,0.12179983,0.045448244,0.28578344,0.38722876,0.15973966
99,0.5271808,0.10707273,0.20949976,0.105983384,0.050263394
100,0.13665518,0.0824649,0.30407125,0.3313203,0.14548843
101,0.13742635,0.09118959,0.30113733,0.328515,0.1417317
102,0.2629541,0.24232551,0.24755938,0.17337628,0.07378473
103,0.9803309,0.0059291464,0.00748916,0.006249746,1.0600821e-06
104,0.19006301,0.14681129,0.2938974,0.2565031,0.11272525
105,0.12962507,0.044962842,0.28336897,0.38509452,0.15694864
106,0.17774144,0.17784998,0.2900766,0.24783607,0.106495954
107,0.15060878,0.10816292,0.30030325,0.3070321,0.13389294
108,0.5108759,0.15542285,0.19191492,0.09683551,0.04495084
109,0.6738977,0.08946081,0.1400531,0.06697394,0.029614545
110,0.106492296,0.032163624,0.27250594,0.42315304,0.16568504
111,0.13208869,0.06204086,0.29765928,0.3563606,0.15185045
112,0.19352965,0.19509336,0.28254798,0.22907516,0.09975383
113,0.11157075,0.043378722,0.28752577,0.39349607,0.16402867
114,0.9200182,0.03981777,0.024891222,0.012960577,0.0023122472
115,0.21400593,0.22988202,0.26801363,0.20162436,0.08647407
116,0.13431847,0.069794156,0.29677036,0.35034373,0.14877321
117,0.1723846,0.14336912,0.29647923,0.27041984,0.11734721
118,0.89131004,0.042211827,0.04300973,0.018345669,0.0051227086
119,0.66559434,0.08144618,0.15617183,0.06449328,0.03229439
120,0.15117311,0.11217425,0.3021183,0.30100214,0.13353226
121,0.9077995,0.036836177,0.036663424,0.014567391,0.004133551
122,0.13207419,0.0552204,0.29377878,0.36548007,0.15344651
123,0.9553169,0.026627611,0.008067973,0.009932738,5.472749e-05
124,0.8721697,0.037338827,0.061801102,0.020293863,0.008396472
125,0.14845979,0.10407961,0.30514002,0.3066575,0.13566312
126,0.12282685,0.044169247,0.2861712,0.38783833,0.15899429
127,0.124966145,0.054196462,0.29232457,0.37146163,0.15705116
128,0.13329245,0.10398679,0.3016455,0.32035017,0.14072508
129,0.12789065,0.050420765,0.28904757,0.37803277,0.15460818
130,0.13043992,0.057275284,0.29328483,0.36558533,0.15341467
131,0.91992927,0.042171318,0.02225,0.013930275,0.0017191352
132,0.13097088,0.071243174,0.30078292,0.34533533,0.15166774
133,0.9259272,0.04397859,0.018660098,0.010469385,0.0009647122
134,0.12983404,0.04897265,0.28858843,0.37788063,0.15472424
135,0.13872047,0.054925196,0.2867833,0.3704315,0.14913951
136,0.8898868,0.030412858,0.056204267,0.01609543,0.007400689
137,0.25523886,0.243474,0.2497747,0.1765545,0.07495794
138,0.123446465,0.05739069,0.29463696,0.36932153,0.15520443
139,0.9867344,0.0030250617,0.0052599087,0.0049803043,2.3472668e-07
140,0.12188183,0.052729722,0.29400977,0.37432063,0.15705806
141,0.93283945,0.042948704,0.013059568,0.010866421,0.0002858806
142,0.8717221,0.04002993,0.059259266,0.02106001,0.007928703
143,0.8689294,0.07324226,0.033132926,0.02180849,0.0028869458
144,0.8765207,0.07664657,0.023312723,0.022316962,0.0012030759
145,0.13574632,0.065179415,0.29514718,0.35476187,0.14916518
146,0.23476113,0.24235384,0.25788227,0.1861785,0.078824274
147,0.8703358,0.08213749,0.022336487,0.024438605,0.0007517033
148,0.9153545,0.048862778,0.020204652,0.013953662,0.0016245003
149,0.9991364,8.298988e-06,0.00053193764,0.00032338104,7.6902867e-13
150,0.99354506,0.0005198267,0.0034595465,0.0024756242,6.49669e-09
151,0.1794239,0.14726894,0.29342955,0.26488,0.11499758
152,0.9032032,0.056858584,0.021037225,0.018123081,0.00077787676
153,0.16032696,0.11089172,0.3010079,0.29824373,0.12952968
154,0.6756068,0.07185052,0.15928626,0.060917094,0.032339327
155,0.90496224,0.05283085,0.025308348,0.015248557,0.0016500667
156,0.9593481,0.00091381,0.015521982,0.024216112,4.2139835e-08
157,0.9980598,4.7723705e-07,0.0009711318,0.0009686492,4.5164068e-15
158,0.4019229,0.17322735,0.22926594,0.13485762,0.06072618
159,0.8857706,0.04906527,0.04246538,0.017983709,0.004715103
160,0.14607027,0.08198043,0.2974662,0.33433643,0.14014673
161,0.80223787,0.05311125,0.093244344,0.036641885,0.014764658
162,0.13818702,0.07553323,0.30262953,0.3373207,0.14632957
163,0.140337,0.08107621,0.30051127,0.33381802,0.14425746
164,0.12307032,0.07895976,0.2884137,0.36568624,0.14387004
165,0.9676581,0.015733521,0.007977421,0.0086109135,2.0065268e-05
166,0.9221358,0.022273513,0.022534076,0.0330315,2.5201996e-05
167,0.21455663,0.18754962,0.2754309,0.22561069,0.09685217
168,0.12718755,0.097748116,0.29377928,0.34326082,0.13802427
169,0.1277889,0.07161819,0.28967625,0.366329,0.14458768
170,0.18648483,0.16933739,0.28502676,0.24863146,0.11051951
171,0.91127163,0.029561855,0.040447034,0.0139405,0.0047788965
172,0.98133737,0.004060549,0.0072853104,0.007316259,5.239096e-07
173,0.14412785,0.065445885,0.2946647,0.34950572,0.14625582
174,0.12966281,0.05529757,0.28790286,0.37106717,0.15606958
175,0.88452154,0.04663114,0.043748517,0.019775027,0.00532386
176,0.9300597,0.022282185,0.03385893,0.010116047,0.003683208
177,0.9718436,0.013024755,0.008952491,0.0061646546,1.4440757e-05
178,0.77442014,0.059223287,0.110997714,0.0367599,0.01859899
179,0.9211351,0.048948683,0.014625121,0.014943743,0.00034732485
180,0.99950325,2.7638384e-06,0.00030475203,0.00018914328,6.0287224e-14
181,0.90054303,0.053356007,0.019793764,0.026031857,0.0002753846
182,0.13487041,0.08305552,0.29901958,0.34111047,0.14194405
183,0.14174907,0.1021684,0.30299526,0.31205648,0.14103082
184,0.24140589,0.15687282,0.2727032,0.23427685,0.09474124
185,0.8853752,0.023613943,0.06546249,0.01658428,0.008964039
186,0.14256458,0.07304559,0.29840168,0.33998767,0.14600047
187,0.24944195,0.24944146,0.24808201,0.17716745,0.07586717
188,0.9244623,0.042495925,0.020618293,0.01090173,0.0015218661
189,0.13537352,0.08352168,0.3027897,0.3320293,0.14628576
190,0.14222617,0.08792626,0.30365157,0.32335597,0.14284004
191,0.9244442,0.031889375,0.029444365,0.011342015,0.0028799945
192,0.13857405,0.09903242,0.2991548,0.32526314,0.13797563
193,0.37845442,0.17835714,0.23554623,0.14215815,0.06548405
194,0.13216749,0.060328666,0.29270497,0.36235625,0.15244262
195,0.13176502,0.11123576,0.28096306,0.34532872,0.13070737
196,0.13707456,0.08261618,0.3025252,0.3321556,0.14562848
197,0.16882518,0.10936961,0.29253495,0.3023229,0.1269474
198,0.13121839,0.06847951,0.29996064,0.34934705,0.15099436
199,0.12004255,0.059908424,0.29170686,0.37471232,0.1536299
200,0.15393832,0.094689116,0.30298,0.31057435,0.1378182
201,0.22213309,0.23932916,0.25809336,0.19604029,0.084404096
202,0.13663203,0.07301251,0.29898143,0.3444177,0.14695634
203,0.26189056,0.20011015,0.25793684,0.19938897,0.080673516
204,0.48690373,0.17098412,0.19296716,0.102393344,0.04675167
205,0.20314379,0.2189364,0.27743322,0.21085744,0.08962912
206,0.3877711,0.18570915,0.230499,0.1356307,0.06039008
207,0.9599633,0.018331371,0.014804736,0.0056555145,0.0012449597
208,0.2677975,0.26436704,0.2360685,0.16312695,0.06864004
209,0.15960576,0.15315647,0.29791424,0.26959097,0.11973252
210,0.18789823,0.13914852,0.29104158,0.26757032,0.1143413
211,0.89013505,0.06818787,0.019330753,0.021701297,0.0006451041
212,0.98523384,0.0050042025,0.005571789,0.0041891127,1.003906e-06
213,0.84848154,0.04717484,0.06860017,0.025950326,0.0097930925
214,0.73196584,0.060035303,0.13262843,0.0503509,0.025019493
215,0.30061957,0.14037867,0.27146202,0.1977769,0.08976283
216,0.1666153,0.14914834,0.2910273,0.2725079,0.12070116
217,0.20027551,0.16557057,0.28907642,0.23744592,0.10763153
218,0.9118065,0.03140824,0.03768663,0.014711468,0.0043871948
219,0.5819409,0.12105705,0.16430688,0.09470296,0.037992172
220,0.8494495,0.077183135,0.034341406,0.038334545,0.0006914625
221,0.13098422,0.0638541,0.29573527,0.35646635,0.15296002
222,0.964097,0.014367722,0.0105633885,0.010961834,1.0070359e-05
223,0.66084844,0.093391255,0.1446189,0.07028621,0.030855171
224,0.1569856,0.110278144,0.30113855,0.3009316,0.1306661
225,0.14933977,0.09927539,0.30250108,0.31221598,0.13666776
226,0.82759565,0.056389987,0.040137183,0.07569357,0.00018361604
227,0.1367218,0.07504267,0.29997382,0.3407617,0.14750002
228,0.14585704,0.07641533,0.2944683,0.34108257,0.14217672
229,0.13189678,0.06038488,0.2969218,0.35734192,0.15345465
230,0.16194555,0.11655434,0.30165142,0.2926189,0.12722981
231,0.9569209,0.015500832,0.012579453,0.014984085,1.4751525e-05
232,0.9232124,0.049200542,0.013715804,0.013378562,0.00049270183
233,0.9027902,0.035864547,0.04093925,0.015515492,0.004890489
234,0.14154655,0.07374305,0.29708242,0.34272128,0.14490661
235,0.97036326,0.0011047448,0.012115452,0.016416347,9.333942e-08
236,0.12521625,0.057781342,0.29283714,0.36840603,0.15575926
237,0.9495154,0.018407382,0.014197692,0.017858932,2.0589381e-05
238,0.93932426,0.017500015,0.031467,0.0083396835,0.0033690613
239,0.11115891,0.042462878,0.28534222,0.39996523,0.16107072
240,0.90805644,0.048709176,0.025019798,0.016088033,0.0021266767
241,0.38786203,0.15972796,0.23936535,0.14637806,0.06666658
242,0.7233949,0.070031606,0.13654421,0.045985967,0.024043407
243,0.13406427,0.055937946,0.2920364,0.3641681,0.15379323
244,0.14443058,0.07456542,0.3007731,0.33436528,0.14586565
245,0.13402492,0.07725926,0.29548478,0.3470046,0.14622642
246,0.15742607,0.120429605,0.30212998,0.2918445,0.12816986
247,0.916699,0.053304598,0.015606822,0.014049589,0.0003400594
248,0.8507101,0.037437774,0.07752621,0.022948032,0.011377913
249,0.12335604,0.052965477,0.29335403,0.37241828,0.15790616
250,0.13698556,0.06979119,0.29915148,0.3458444,0.14822736
251,0.14742967,0.102366544,0.30207154,0.3130983,0.13503386
252,0.96956486,0.0011619785,0.012084152,0.017189002,6.616514e-08
253,0.8689188,0.030275952,0.07221041,0.018578397,0.010016365
254,0.14968704,0.08360345,0.3007808,0.32524332,0.1406854
255,0.12195004,0.052356802,0.29292503,0.374324,0.15844415
256,0.15220197,0.14777027,0.2972441,0.28258947,0.12019425
257,0.14869362,0.10327111,0.301594,0.31176797,0.13467331
258,0.1338865,0.06174292,0.29710284,0.3554443,0.15182346
259,0.4119573,0.18434402,0.21715055,0.13050231,0.056045868
260,0.120332606,0.060935885,0.2923127,0.3729768,0.15344195
261,0.6000553,0.15944438,0.111828364,0.11044244,0.018229563
262,0.18501377,0.17641743,0.28509942,0.24567108,0.10779834
263,0.91743046,0.04980753,0.016128538,0.016388047,0.00024539581
264,0.13749418,0.07006274,0.29784563,0.34736955,0.14722796
265,0.9805022,0.0008425584,0.008349864,0.01030529,5.1578454e-08
266,0.88593614,0.03751977,0.05135205,0.0186151,0.006576825
267,0.13150908,0.07845129,0.3005974,0.34340078,0.14604138
268,0.13781169,0.07598653,0.3023889,0.33611816,0.14769469
269,0.58620524,0.116876125,0.17562371,0.081710406,0.039584517
270,0.9893038,0.0001614856,0.004721915,0.0058127507,1.9883448e-09
271,0.14819138,0.08925929,0.30439758,0.31889397,0.13925773
272,0.17390151,0.17765713,0.2901623,0.2501604,0.10811873
273,0.9864465,0.0035295088,0.004692809,0.005330406,7.1517894e-07
274,0.11998968,0.059349228,0.29501373,0.36683807,0.15880932
275,0.9975763,7.5685233e-07,0.0012686726,0.0011543748,8.5597524e-15
276,0.12859045,0.09289715,0.29894933,0.33833954,0.14122353
277,0.13601811,0.08147801,0.30002517,0.33414274,0.14833595
278,0.16973476,0.16288523,0.28851226,0.26289597,0.11597179
279,0.9608355,0.017587854,0.01155476,0.010005229,1.675347e-05
280,0.1457701,0.10234558,0.30460313,0.3094135,0.13786764
281,0.21346533,0.21495666,0.2705821,0.21004638,0.09094951
282,0.12642592,0.04228286,0.28264037,0.39261025,0.15604056
283,0.11924961,0.052013792,0.29108083,0.38139683,0.15625887
284,0.24259144,0.24820577,0.2506712,0.18073401,0.077797584
285,0.15818533,0.09137649,0.2969313,0.31724957,0.13625728
286,0.1899751,0.15935843,0.29036778,0.25138184,0.10891681
287,0.9113563,0.056621872,0.016273895,0.014983283,0.00076457486
288,0.12988758,0.05889956,0.29566374,0.36231908,0.15323003
289,0.81655,0.049364507,0.08728454,0.03243458,0.014366401
290,0.15968321,0.15292595,0.29942945,0.2690891,0.118872315
291,0.12356447,0.046954464,0.28719637,0.38488907,0.15739563
292,0.12669882,0.06352716,0.2986757,0.35701558,0.15408275
293,0.8918494,0.022932908,0.06255497,0.014576323,0.008086423
294,0.9989975,9.752991e-07,0.0004251912,0.00057635613,2.4876907e-14
295,0.81486624,0.039833162,0.099028766,0.029513141,0.016758665
296,0.9147473,0.054459058,0.016913285,0.012821013,0.0010592918
297,0.14773951,0.09095668,0.30332214,0.3186128,0.13936882
298,0.13265242,0.06148143,0.2907683,0.3606878,0.15441002
299,0.99440837,0.00046480182,0.002785709,0.0023410842,4.2080757e-09
300,0.1828955,0.18338402,0.28762314,0.24075189,0.10534542
301,0.14875457,0.083788246,0.29925242,0.32911855,0.13908623
302,0.1330951,0.0892925,0.30168498,0.33224973,0.1436777
303,0.8733286,0.060519557,0.02883807,0.037100997,0.00021283265
304,0.13246539,0.060776323,0.2962992,0.3574608,0.15299828
305,0.11118876,0.033976164,0.2722894,0.42033118,0.16221456
306,0.15158482,0.087457545,0.29867813,0.32096222,0.1413173
307,0.1321613,0.052543785,0.2944302,0.3666377,0.15422705
308,0.82237345,0.07440265,0.04632858,0.053907417,0.0029878928
309,0.95857644,0.022688441,0.010905433,0.0077244164,0.00010526195
310,0.9787364,0.008308024,0.0072382474,0.0057145534,2.8428099e-06
311,0.8927662,0.04368482,0.03921917,0.021550944,0.0027788426
312,0.8960701,0.025183843,0.056637704,0.014763965,0.0073442566
313,0.12552051,0.061599612,0.2968956,0.35975403,0.15623026
314,0.9121528,0.031934712,0.037430193,0.014131242,0.0043509672
315,0.93140286,0.041384522,0.013181307,0.013789127,0.000242233
316,0.14627843,0.093906574,0.30075243,0.32223573,0.1368268
317,0.11736086,0.04669536,0.28776357,0.38889223,0.15928802
318,0.1336751,0.056937262,0.28988677,0.36637345,0.15312748
319,0.18337555,0.14693905,0.29104272,0.26575017,0.11289248
320,0.8845367,0.059479523,0.023216477,0.03235272,0.00041465226
321,0.8178563,0.04216415,0.095494196,0.029403549,0.0150818145
322,0.13630971,0.06389224,0.29718685,0.35233295,0.15027829
323,0.16051844,0.10232552,0.30048504,0.30586532,0.1308057
324,0.93918973,0.033864032,0.013564205,0.013231776,0.00015028515
325,0.98842466,0.0034363202,0.0042921733,0.0038464414,3.2642652e-07
326,0.8526774,0.030245507,0.08321966,0.021582166,0.012275204
327,0.9253225,0.042321585,0.018175166,0.013812736,0.0003679434
328,0.13562773,0.06769547,0.29806292,0.3494544,0.1491595
329,0.95627415,0.02255546,0.0104479855,0.010687468,3.4863337e-05
330,0.12059227,0.037277054,0.27561054,0.40803567,0.15848447
331,0.15817624,0.09275745,0.2862698,0.3305819,0.13221465
332,0.9553551,0.02756461,0.008627164,0.008385017,6.812603e-05
333,0.16046841,0.12784772,0.30040964,0.28660625,0.124667965
334,0.87067384,0.07757967,0.02716974,0.023348192,0.001228621
335,0.9332499,0.043046843,0.013124239,0.010164118,0.0004148342
336,0.122564934,0.045196265,0.2869899,0.38638484,0.15886402
337,0.12358079,0.0432915,0.28332317,0.39342687,0.15637773
338,0.9081205,0.02570369,0.0475535,0.012962287,0.005660096
339,0.6458822,0.100763366,0.1554244,0.065752104,0.032177977
340,0.13246605,0.061925787,0.29712516,0.3567703,0.15171273
341,0.95054317,0.024951918,0.01208457,0.012367419,5.288662e-05
342,0.9320665,0.021543425,0.03284471,0.009911039,0.0036343697
343,0.8352399,0.043027677,0.083307184,0.025791984,0.012633334
344,0.14601967,0.09266554,0.30426335,0.318089,0.13896245
345,0.12713474,0.07433635,0.29928404,0.35034463,0.14890027
346,0.12628496,0.061634336,0.29251245,0.36416873,0.1553995
347,0.7886236,0.04676481,0.11138065,0.03448173,0.018749189
348,0.19376567,0.14771314,0.28667134,0.26065865,0.111191146
349,0.12831819,0.07781262,0.3008373,0.3428747,0.15015718
350,0.12769297,0.09238287,0.29603642,0.3396846,0.14420314
351,0.87742126,0.0540952,0.043649968,0.020034548,0.0047989776
352,0.9858495,0.0024792547,0.0062734387,0.005397622,1.8508179e-07
353,0.9230448,0.02216949,0.039120864,0.011137623,0.004527339
354,0.13366961,0.056487195,0.2902518,0.3691597,0.15043165
355,0.13750704,0.090494,0.30431244,0.32400066,0.14368589
356,0.14537127,0.090744704,0.30392942,0.32004777,0.13990691
357,0.134883,0.06380326,0.2942056,0.35791665,0.14919147
358,0.20688869,0.20097788,0.27215397,0.22565068,0.094328724
359,0.1276673,0.055261962,0.2932209,0.3670002,0.15684964
360,0.12493355,0.05072687,0.29072064,0.37539053,0.15822843
361,0.98938155,0.00031796275,0.0035708079,0.0067296894,1.4348071e-08
362,0.14283505,0.0892838,0.30047953,0.32528797,0.14211363
363,0.9860509,0.0038920296,0.0052446784,0.004811821,5.6941025e-07
364,0.12169857,0.038331926,0.27713257,0.40512654,0.15771036
365,0.16863418,0.12645723,0.30001956,0.27981588,0.1250731
366,0.95396465,0.0019290316,0.01655204,0.027554024,1.7824755e-07
367,0.945148,0.018555913,0.026659375,0.007203305,0.0024333794
368,0.111982085,0.042106356,0.28333065,0.40114194,0.16143897
369,0.9209059,0.029384311,0.03381703,0.012088137,0.0038046571
370,0.12885106,0.07417822,0.30149877,0.3448156,0.15065631
371,0.18142396,0.14482409,0.29157156,0.2675302,0.11465012
372,0.9178224,0.042964026,0.01789032,0.021129105,0.00019404652
373,0.14398663,0.11328068,0.30553055,0.3027543,0.13444784
374,0.15847714,0.12713046,0.30123246,0.2892807,0.12387923
375,0.9094139,0.029323814,0.042269513,0.014067355,0.004925529
376,0.22553183,0.24404179,0.26066503,0.18874982,0.08101157
377,0.7602886,0.063603245,0.07122533,0.10428092,0.00060190365
378,0.9597116,0.02157132,0.009523029,0.009158536,3.5470708e-05
379,0.9855622,0.005554941,0.004793477,0.004088091,1.2307407e-06
380,0.9286848,0.02642121,0.031070294,0.010508444,0.0033152106
381,0.756303,0.056103256,0.12226313,0.04343123,0.021899497
382,0.17192712,0.16485044,0.29688358,0.25429752,0.11204131
383,0.9999999,1.6464513e-16,1.0494793e-07,4.372562e-08,3.3137982e-34
384,0.34568667,0.2526338,0.21142547,0.13409255,0.056161452
385,0.36887413,0.18833739,0.23620525,0.14117707,0.0654062
386,0.13211454,0.07094625,0.29967874,0.3462356,0.15102488
387,0.8272548,0.043181196,0.089035325,0.026737323,0.013791358
388,0.70781213,0.08805085,0.12283411,0.057206128,0.024096796
389,0.14365715,0.09810183,0.2843435,0.3400316,0.1338659
390,0.12703386,0.077419296,0.29953668,0.34862724,0.14738292
391,0.16030042,0.11001113,0.30321455,0.29552814,0.13094579
392,0.13177678,0.05928334,0.29570016,0.3599425,0.15329716
393,0.8545736,0.018646417,0.038191415,0.08857358,1.4943414e-05
394,0.2488134,0.19093421,0.26920906,0.20380804,0.08723525
395,0.97315097,0.006774292,0.010104269,0.00996879,1.6874329e-06
396,0.9832865,0.0026766912,0.0061645503,0.00787192,4.05129e-07
397,0.6017033,0.1150246,0.15880342,0.08852305,0.035945624
398,0.1483507,0.085453466,0.3032039,0.32068658,0.14230537
399,0.1099148,0.046794668,0.28648597,0.39549708,0.16130748
400,0.96687007,0.010882388,0.010240499,0.012000019,7.0001156e-06
401,0.8808733,0.026918976,0.065526485,0.017658092,0.009023179
402,0.1498782,0.09637443,0.30231065,0.3136355,0.13780126
403,0.12899855,0.065836854,0.2972866,0.35491216,0.15296584
404,0.14804594,0.1042849,0.30404243,0.30778015,0.13584664
405,0.313978,0.25951532,0.22093548,0.14521846,0.060352724
406,0.12897886,0.0534632,0.2926454,0.37118688,0.15372574
407,0.96343917,0.015842663,0.010664076,0.0100311935,2.2990473e-05
408,0.27886435,0.26350895,0.22988959,0.16125526,0.066481866
409,0.58760417,0.12524013,0.15894222,0.09201496,0.036198497
410,0.19420661,0.20774709,0.27663726,0.22287658,0.098532446
411,0.21246706,0.1617989,0.2868919,0.23189762,0.1069445
412,0.9246871,0.039927542,0.016939502,0.018316025,0.00012983047
413,0.19775683,0.1930068,0.2776301,0.2316646,0.09994172
414,0.14305711,0.08757471,0.30060503,0.32842597,0.14033721
415,0.14343627,0.09308255,0.30343086,0.31883246,0.14121792
416,0.93234104,0.035483293,0.015519497,0.016410796,0.00024525804
417,0.27564275,0.2602356,0.23416337,0.16225645,0.067701764
418,0.15152358,0.08026953,0.29939443,0.32737994,0.14143254
419,0.13188627,0.057894036,0.29074788,0.36715388,0.15231793
420,0.1341633,0.103073984,0.2940932,0.33392093,0.13474856
421,0.14393337,0.11687464,0.30079377,0.30574745,0.1326508
422,0.1504235,0.11159307,0.2931671,0.3129686,0.13184768
423,0.95437956,0.026568832,0.009652018,0.009334484,6.505826e-05
424,0.13696568,0.058929276,0.29622516,0.35686,0.15101986
425,0.12710105,0.07059544,0.3001857,0.3509295,0.15118833
426,0.8943156,0.04912126,0.03304255,0.019964157,0.003556446
427,0.7295617,0.0820064,0.11510954,0.051662803,0.021659628
428,0.12327329,0.059208456,0.29345995,0.36838007,0.15567821
429,0.12994134,0.06401657,0.2919683,0.36105123,0.15302262
430,0.14199455,0.09146324,0.30343342,0.32226875,0.14084004
431,0.90518886,0.048583295,0.027917117,0.015592662,0.0027180342
432,0.6882983,0.1400297,0.07574542,0.08684121,0.009085377
433,0.9851532,0.00010274888,0.0060300105,0.008713979,4.2537363e-10
434,0.17504789,0.12463603,0.29435486,0.282678,0.12328326
435,0.90658695,0.031674195,0.042098932,0.014595155,0.0050448067
436,0.31881887,0.20664158,0.24430752,0.16075641,0.06947559
437,0.1122637,0.03157443,0.26859683,0.42625767,0.16130738
438,0.17202583,0.15693308,0.29633608,0.26017067,0.1145343
439,0.16935664,0.13135424,0.29071835,0.28576756,0.12280322
440,0.15119459,0.120652445,0.3037408,0.29394835,0.1304638
441,0.9030596,0.033016372,0.04336202,0.015310283,0.0052517448
442,0.189565,0.17621286,0.28407857,0.24574539,0.10439811
443,0.14058916,0.08623268,0.30009332,0.3309431,0.14214176
444,0.37323156,0.19430088,0.2076054,0.16601942,0.05884274
445,0.12372813,0.08056714,0.3001341,0.34536645,0.15020421
446,0.8712684,0.03960783,0.060949303,0.019896034,0.00827847
447,0.14936456,0.088667035,0.2947488,0.3281666,0.13905299
448,0.9011932,0.021947023,0.028360708,0.048471883,2.7231988e-05
449,0.9902408,3.6685513e-05,0.0041039623,0.005618595,4.9204855e-11
450,0.9510876,0.025481207,0.012265728,0.011071702,9.3751274e-05
451,0.14377809,0.07481392,0.29918307,0.33710828,0.14511667
452,0.99999344,3.3477511e-12,3.219041e-06,3.3209583e-06,3.702308e-24
453,0.1366681,0.055271145,0.28741723,0.36975002,0.15089352
454,0.20985214,0.2215601,0.27180377,0.20838794,0.088396005
455,0.113665916,0.05360473,0.28875807,0.38590673,0.15806457
456,0.93861556,0.03407905,0.012865822,0.014275609,0.00016395522
457,0.9410797,0.03360796,0.012321114,0.01286315,0.0001281358
458,0.16049476,0.1402002,0.29479867,0.28444648,0.12005983
459,0.9288721,0.03123665,0.016092153,0.023734925,6.413016e-05
460,0.18271714,0.16910906,0.28947994,0.25018916,0.10850462
461,0.15320951,0.112347096,0.3043208,0.29868227,0.1314403
462,0.8681401,0.009943868,0.040868975,0.08104273,4.3496175e-06
463,0.12720017,0.04488053,0.28493077,0.3884864,0.15450215
464,0.11233672,0.0433373,0.2814011,0.4035961,0.15932883
465,0.17194001,0.12661293,0.2948659,0.28483403,0.121747114
466,0.21108086,0.22396104,0.2675711,0.2069089,0.0904781
467,0.24556845,0.16884352,0.27808258,0.21247882,0.09502661
468,0.9225437,0.036167093,0.026156953,0.01246668,0.0026654338
469,0.14563884,0.092297256,0.301602,0.3213252,0.1391367
470,0.14661762,0.10835026,0.30174345,0.30955505,0.13373356
471,0.16302204,0.1490469,0.29875135,0.27024478,0.11893489
472,0.11812084,0.050192066,0.29146457,0.38053203,0.15969048
473,0.9175301,0.050655797,0.018163601,0.013028711,0.00062185695
474,0.17257126,0.16971274,0.29494143,0.2517353,0.111039266
475,0.1544866,0.1422136,0.29605228,0.2872621,0.11998545
476,0.26757595,0.20956674,0.2577128,0.1863159,0.07882858
477,0.13151105,0.05983034,0.29350266,0.36336255,0.15179342
478,0.25179225,0.24893424,0.24749388,0.17716078,0.07461881
479,0.89662015,0.060501534,0.024698155,0.01605066,0.0021294837
480,0.1490337,0.089054324,0.30215308,0.32110474,0.13865417
481,0.11549049,0.043869875,0.2862182,0.39480567,0.15961586
482,0.17602521,0.13430257,0.29782736,0.2724478,0.11939707
483,0.122601494,0.043673158,0.28484294,0.3892275,0.15965486
484,0.9237443,0.036721054,0.024705565,0.01240516,0.0024238434
485,0.771399,0.058115795,0.113766864,0.037194915,0.019523412
486,0.13171093,0.055247925,0.29361778,0.36589378,0.15352952
487,0.9214367,0.025659349,0.036950476,0.011722653,0.004230731
488,0.13181975,0.08489965,0.30108386,0.33978423,0.1424125
489,0.9625032,0.022040969,0.010415307,0.0048768003,0.0001637877
490,0.11498186,0.03334274,0.2725321,0.4180135,0.16112976
491,0.19761549,0.15559171,0.2858376,0.25168028,0.109274924
492,0.14311036,0.09571426,0.3045177,0.31673124,0.13992645
493,0.16650532,0.12192123,0.29671535,0.28613624,0.1287218
494,0.15277867,0.12784888,0.30263174,0.2892194,0.12752129
495,0.18055643,0.19821352,0.28098384,0.23675565,0.10349057
496,0.9999989,9.645336e-15,8.522168e-07,2.649326e-07,6.4869425e-31
497,0.1519917,0.13111825,0.30283272,0.28626442,0.12779294
498,0.23333985,0.23240104,0.25972655,0.19177616,0.08275641
499,0.98970807,0.000106822365,0.004159459,0.006025647,2.7800565e-10
500,0.99998176,5.8560067e-12,1.3381584e-05,4.909246e-06,1.4072106e-25
501,0.16582675,0.11499981,0.2994781,0.29358456,0.12611075
502,0.12925659,0.05811703,0.29686135,0.36126763,0.15449749
503,0.8735045,0.041471697,0.056858875,0.020588642,0.0075763133
504,0.53516227,0.12975612,0.19754721,0.0931449,0.04438953
505,0.11943704,0.05477912,0.29150376,0.37418064,0.16009952
506,0.92224795,0.04369167,0.018874086,0.014783406,0.00040288316
507,0.12618846,0.044241104,0.28100923,0.3904076,0.15815361
508,0.1416184,0.11205882,0.30366722,0.30874446,0.13391113
509,0.20074761,0.20415635,0.27416763,0.22304684,0.09788153
510,0.91565657,0.040383864,0.026797373,0.014624601,0.0025375918
511,0.87068045,0.06789112,0.033575676,0.024606876,0.003245973
512,0.17107189,0.13619222,0.29629767,0.27429473,0.12214348
513,0.22966078,0.2514611,0.25194234,0.18723223,0.07970354
514,0.13372473,0.09758814,0.29955536,0.33006135,0.1390704
515,0.9677693,0.014226549,0.008863218,0.009126284,1.4655338e-05
516,0.7225089,0.06482505,0.13878104,0.048336986,0.025547942
517,0.9993401,3.87205e-08,0.0003864765,0.00027342295,1.7180894e-17
518,0.9555751,0.0123961745,0.024301851,0.0054079965,0.002318874
519,0.1253418,0.05081896,0.2914312,0.3757473,0.15666074
520,0.1636516,0.101720706,0.2988778,0.3047095,0.1310404
521,0.5887993,0.10827233,0.1815039,0.080784865,0.040639557
522,0.9220509,0.043180387,0.015655743,0.01885056,0.00026249202
523,0.24330026,0.24125357,0.25314078,0.18377507,0.078530386
524,0.6717805,0.09791424,0.13461928,0.067732185,0.027953748
525,0.9975569,9.5140065e-05,0.0010808537,0.0012670796,4.4872223e-10
526,0.1477512,0.078665614,0.30149388,0.32830223,0.14378707
527,0.12272774,0.042156503,0.28240708,0.39448464,0.15822405
528,0.30833736,0.25423083,0.22470728,0.14982751,0.06289699
529,0.22547092,0.23789781,0.25855184,0.19552958,0.08254983
530,0.9514768,0.030854696,0.009190273,0.008283252,0.00019493826
531,0.84279156,0.022719799,0.04828008,0.08618768,2.0868749e-05
532,0.15179941,0.08784424,0.3032285,0.3183756,0.13875225
533,0.2672568,0.23136058,0.24912669,0.17598253,0.07627341
534,0.8481049,0.06947356,0.039764643,0.040863585,0.0017932998
535,0.92627066,0.039982367,0.020086393,0.012042156,0.0016184777
536,0.13593905,0.06508713,0.29869202,0.35096198,0.1493198
537,0.9605775,0.019135963,0.010758024,0.009510402,1.8070241e-05
538,0.87388235,0.028826397,0.069337286,0.018448053,0.009505925
539,0.9242532,0.023775911,0.021020487,0.030902639,4.7674028e-05
540,0.123034194,0.0812546,0.29409185,0.35665438,0.14496501
541,0.9209716,0.0056316652,0.02916333,0.044231534,1.8774274e-06
542,0.11615564,0.038531862,0.28025198,0.40207553,0.16298497
543,0.15413876,0.14762329,0.29498884,0.28394026,0.11930887
544,0.90848863,0.02308386,0.049707215,0.012680087,0.006040114
545,0.9999815,1.3644218e-11,1.03738685e-05,8.164984e-06,1.7641969e-24
546,0.17849845,0.15065512,0.28272727,0.27502832,0.1130908
547,0.9188249,0.02903306,0.035584666,0.012501954,0.004055374
548,0.9823477,0.00038372588,0.007374521,0.009893978,4.193352e-09
549,0.20383036,0.19185647,0.2808823,0.2248396,0.09859133
550,0.13991228,0.07670699,0.30234286,0.33590972,0.14512818
551,0.78560805,0.051380314,0.10919918,0.035347123,0.018465329
552,0.96592784,0.0140528465,0.01002667,0.009982999,9.542205e-06
553,0.12758301,0.057792056,0.29528064,0.36362457,0.15571974
554,0.36359265,0.11424388,0.256411,0.18565498,0.080097534
555,0.17786525,0.16599484,0.29390362,0.2509565,0.11127976
556,0.12810335,0.054498922,0.29187986,0.36938673,0.15613116
557,0.14086087,0.09883564,0.30183288,0.31657013,0.14190048
558,0.1381258,0.06061236,0.29018086,0.36048317,0.15059783
559,0.95020485,0.002182379,0.01927517,0.028337367,2.0852474e-07
560,0.14729261,0.07476577,0.29263234,0.34253374,0.14277557
561,0.21896236,0.22107588,0.26245394,0.21046731,0.08704052
562,0.16547552,0.16732424,0.29675236,0.25770372,0.11274414
563,0.8352845,0.058419652,0.046236824,0.059175286,0.00088380795
564,0.1356438,0.05989213,0.29515976,0.35709667,0.15220772
565,0.4511576,0.1043549,0.23900001,0.1391424,0.066345125
566,0.97957486,0.0077396426,0.0063268966,0.006354192,4.456699e-06
567,0.8838161,0.066048875,0.027981918,0.020153927,0.001999149
568,0.9233809,0.02992045,0.031360965,0.01194563,0.0033921145
569,0.9922976,9.043703e-05,0.0034595022,0.0041523725,3.03636e-10
570,0.98783875,0.0034352264,0.0047361795,0.003989547,3.224489e-07
571,0.20610829,0.23202354,0.2694456,0.20570372,0.086718865
572,0.92146313,0.029026581,0.033568744,0.012191696,0.003749733
573,0.9278006,0.038895637,0.020342315,0.011328013,0.0016333532
574,0.14378552,0.12959102,0.30130872,0.29370612,0.13160868
575,0.14621033,0.0868814,0.30435896,0.3208023,0.14174704
576,0.95319825,0.022857325,0.012183432,0.01172862,3.2392978e-05
577,0.16753513,0.144903,0.29429227,0.27483973,0.11842983
578,0.79952866,0.120068796,0.040228773,0.036803067,0.0033707204
579,0.14487442,0.09218015,0.29517227,0.33200765,0.13576551
580,0.14030297,0.0672538,0.29548758,0.35173482,0.14522079
581,0.13989352,0.07856323,0.3020056,0.33472663,0.14481102
582,0.15483259,0.10592259,0.3000925,0.3044646,0.13468772
583,0.12178033,0.038075738,0.2747399,0.4071144,0.15828963
584,0.15163125,0.12328364,0.30395323,0.29187226,0.12925963
585,0.7514274,0.05296226,0.12712748,0.04549138,0.02299143
586,0.8114339,0.050904434,0.09245361,0.03078358,0.014424494
587,0.31018326,0.24475026,0.23094316,0.14954738,0.06457598
588,0.1209664,0.061296817,0.29910937,0.3640326,0.15459481
589,0.1323368,0.054294694,0.2922629,0.36814487,0.15296067
590,0.9374812,0.019293556,0.021640787,0.021525152,5.933287e-05
591,0.8364993,0.047038827,0.076107666,0.029088065,0.0112661915
592,0.23744991,0.23248954,0.25679472,0.19072218,0.08254364
593,0.1436725,0.10174542,0.3017875,0.31449515,0.13829945
594,0.12435365,0.05328956,0.2923087,0.37193042,0.15811764
595,0.91193753,0.050360125,0.021096079,0.015120066,0.0014861692
596,0.796232,0.08471576,0.06334346,0.046785545,0.008923304
597,0.14924097,0.08852393,0.30125865,0.32116345,0.13981293
598,0.8197566,0.046874546,0.08863944,0.030884081,0.013845265
599,0.1843483,0.15742637,0.2925034,0.2540982,0.1116237
600,0.9999999,5.9543227e-17,9.33761e-08,2.6891188e-08,2.0617395e-35
601,0.14658503,0.1163579,0.3022524,0.30007794,0.13472672
602,0.12194996,0.05450266,0.29215536,0.37491408,0.15647791
603,0.15128434,0.095187224,0.3022418,0.31480965,0.13647704
604,0.13934861,0.09750305,0.30104962,0.32429773,0.13780093
605,0.9312277,0.019929472,0.02094321,0.027882803,1.6724485e-05
606,0.8660013,0.04089689,0.06251055,0.021950824,0.0086403955
607,0.931568,0.032626234,0.023039995,0.010610591,0.00215521
608,0.942976,0.030087197,0.013568833,0.013256181,0.00011174678
609,0.9516707,0.024481801,0.011610162,0.012181615,5.5724315e-05
610,0.9541243,0.02876674,0.008597361,0.008428359,8.321146e-05
611,0.8094446,0.058545075,0.08599926,0.03287448,0.013136552
612,0.9602625,0.022303998,0.009196032,0.008190379,4.7144913e-05
613,0.13220365,0.088301204,0.30118096,0.33652976,0.14178444
614,0.15060596,0.10522804,0.30339536,0.30619523,0.1345754
615,0.11890233,0.06433452,0.29602125,0.36659655,0.15414537
616,0.13691539,0.07321897,0.2995495,0.34089497,0.14942119
617,0.99997747,4.8957522e-11,1.2156023e-05,1.0373213e-05,1.0565259e-21
618,0.8558668,0.039217174,0.07100693,0.02332444,0.010584702
619,0.99386394,0.00075248594,0.0029571473,0.002426355,1.3635256e-08
620,0.22297268,0.22637655,0.26310766,0.20047976,0.087063335
621,0.16295052,0.1356899,0.30032766,0.27872723,0.122304745
622,0.8505475,0.046240643,0.0677537,0.02581338,0.009644778
623,0.17396753,0.17643777,0.29226083,0.24828933,0.10904451
624,0.1734522,0.15902594,0.29591697,0.2570242,0.11458074
625,0.93137574,0.04205936,0.015358484,0.010234537,0.0009718513
626,0.12055582,0.052793883,0.28840306,0.38212818,0.15611912
627,0.16305074,0.12855257,0.29757088,0.2858144,0.12501143
628,0.13436519,0.056511,0.29175693,0.3644791,0.15288779
629,0.12309311,0.039997496,0.27844197,0.40086988,0.15759757
630,0.9445775,0.02710501,0.013387844,0.014859326,7.0277216e-05
631,0.31992605,0.20982866,0.21772699,0.1875604,0.06495787
632,0.97854334,0.0065226573,0.00767467,0.007257325,1.9415256e-06
633,0.31084764,0.25905618,0.22296089,0.14591323,0.0612221
634,0.1488906,0.107012026,0.30303237,0.3044572,0.13660781
635,0.9717703,0.013464443,0.0074723037,0.007281378,1.1577761e-05
636,0.14476277,0.09065568,0.3046911,0.3190484,0.14084204
637,0.17220207,0.14418381,0.29751015,0.26910165,0.11700237
638,0.13643372,0.057117067,0.2912336,0.36433303,0.15088266
639,0.14576407,0.08790636,0.30041525,0.32573414,0.1401802
640,0.14709058,0.09095672,0.30154392,0.3230008,0.13740799
641,0.14167921,0.085042454,0.30310726,0.32816282,0.14200823
642,0.9561297,0.005581349,0.015353761,0.022933133,2.0356406e-06
643,0.81243825,0.05049742,0.09071954,0.031972166,0.014372596
644,0.17842475,0.19213717,0.28778866,0.23858604,0.10306342
645,0.18481669,0.1855222,0.287454,0.23761389,0.1045932
646,0.91769785,0.053853765,0.014777333,0.013244428,0.00042670252
647,0.14478415,0.089341976,0.2988175,0.32752454,0.13953184
648,0.15175943,0.08188146,0.30267376,0.32321405,0.14047131
649,0.84772813,0.051317785,0.06515341,0.026709607,0.009091062
650,0.91442806,0.045855865,0.025617717,0.012482608,0.0016156846
651,0.1301969,0.0570376,0.29146457,0.36679912,0.15450178
652,0.92215174,0.03430645,0.026668463,0.015766395,0.0011070158
653,0.11840482,0.046420455,0.28889167,0.38735622,0.15892681
654,0.16858605,0.12604906,0.29634148,0.28464225,0.12438119
655,0.9067592,0.027828515,0.045129728,0.014662107,0.005620512
656,0.172702,0.1297088,0.2941596,0.28188753,0.12154205
657,0.99991083,1.9707143e-09,5.1924373e-05,3.7189773e-05,1.5812536e-19
658,0.89164996,0.05325184,0.02511243,0.02976438,0.00022139035
659,0.93642277,0.023340534,0.027929207,0.009535451,0.0027719988
660,0.12934141,0.08269963,0.30168676,0.3394685,0.1468037
661,0.1808202,0.19048719,0.2873659,0.23840795,0.102918744
662,0.8956311,0.06410944,0.02154085,0.017139941,0.0015787041
663,0.173011,0.13566436,0.29849017,0.27135107,0.12148345
664,0.98535675,0.004470807,0.0053056106,0.0048660235,8.020386e-07
665,0.12629475,0.06888638,0.29928643,0.3543968,0.15113564
666,0.20245315,0.19643712,0.27842146,0.22585715,0.09683118
667,0.13474587,0.076811075,0.3008384,0.33859903,0.14900564
668,0.210262,0.20073259,0.27549613,0.2192555,0.09425376
669,0.13365225,0.09725262,0.29213437,0.34073588,0.13622487
670,0.34939855,0.12138563,0.2602099,0.18354936,0.08545656
671,0.13578817,0.065283924,0.29518753,0.3548645,0.14887585
672,0.1594592,0.11807569,0.30186173,0.292119,0.12848444
673,0.29050216,0.20733722,0.25393233,0.17137043,0.076857895
674,0.12019369,0.047816917,0.28870532,0.3855228,0.15776125
675,0.29126117,0.22573806,0.24576025,0.16570938,0.07153114
676,0.14454977,0.08832796,0.30177733,0.3254713,0.13987362
677,0.9743445,0.01044214,0.007845498,0.0073627625,5.085005e-06
678,0.9910987,0.0021226644,0.0037169,0.0030616038,1.2055803e-07
679,0.15158889,0.1103662,0.30129588,0.30515417,0.13159488
680,0.16114639,0.15251932,0.29433554,0.27291307,0.11908567
681,0.14216179,0.08449044,0.3011874,0.32952136,0.14263898
682,0.9604075,0.011600993,0.012540758,0.0154425595,8.2813485e-06
683,0.13592552,0.070013925,0.29817173,0.3477178,0.14817113
684,0.12241984,0.047960512,0.28792655,0.38356584,0.15812725
685,0.14276211,0.09945244,0.30552968,0.31362608,0.13862972
686,0.20959732,0.1660155,0.28605807,0.23214723,0.106181875
687,0.25041068,0.23125707,0.25485873,0.1839816,0.07949198
688,0.51396394,0.18200792,0.09623528,0.20404461,0.0037482765
689,0.20241383,0.16825771,0.28494763,0.23922618,0.105154596
690,0.9260054,0.031893432,0.027576562,0.011712231,0.002812398
691,0.22672887,0.23659776,0.25943014,0.19381943,0.08342384
692,0.17198077,0.1766061,0.29219195,0.2514779,0.107743286
693,0.81101024,0.093321376,0.050047986,0.039762855,0.005857503
694,0.15763552,0.12296555,0.29932836,0.29262188,0.12744872
695,0.91749626,0.046361808,0.020960778,0.013329658,0.001851488
696,0.7110839,0.06295869,0.13988534,0.058573432,0.027498685
697,0.24194732,0.2424889,0.25468695,0.18240567,0.0784712
698,0.15777786,0.13783585,0.3002587,0.27881816,0.12530942
699,0.84975165,0.031703707,0.08332362,0.02254063,0.012680409
700,0.19136198,0.18171923,0.28246477,0.23927069,0.105183326
701,0.1451033,0.1073347,0.2987262,0.3146489,0.13418694
702,0.14623295,0.087288685,0.30107522,0.32498616,0.14041701
703,0.15544514,0.13466805,0.30170506,0.28144702,0.12673472
704,0.124005795,0.057898145,0.2933709,0.36951694,0.15520817
705,0.12398742,0.052849352,0.29232293,0.37350443,0.15733586
706,0.6622911,0.09091616,0.15577859,0.060362212,0.030651977
707,0.15357837,0.11849869,0.30336484,0.293685,0.13087308
708,0.9225689,0.04985641,0.015414188,0.011214045,0.00094652124
709,0.1964189,0.15337133,0.28400934,0.2553821,0.11081834
710,0.13001873,0.06032455,0.29761115,0.35890624,0.15313935
711,0.9979551,1.2171506e-06,0.0010031741,0.0010405149,5.079669e-14
712,0.13742441,0.08417155,0.30071327,0.3311348,0.14655595
713,0.22780511,0.17064638,0.27928525,0.22628063,0.09598263
714,0.12277826,0.049435556,0.29150468,0.37794837,0.15833314
715,0.9928866,0.0011228235,0.0033027371,0.0026878705,2.938239e-08
716,0.8538233,0.040518124,0.07044817,0.024625966,0.010584444
717,0.14679614,0.10161872,0.3017147,0.31181866,0.13805176
718,0.9700819,0.007104808,0.010751656,0.012058475,3.0722533e-06
719,0.13652445,0.07171261,0.29887304,0.3448548,0.14803517
720,0.13182017,0.05916349,0.29439893,0.36241272,0.15220463
721,0.8744581,0.049569264,0.048458934,0.021462873,0.0060507734
722,0.16065761,0.10095587,0.2999184,0.30664,0.13182814
723,0.12876442,0.09519148,0.28610793,0.3549429,0.13499321
724,0.15802853,0.13188544,0.3025315,0.2824434,0.12511109
725,0.94686323,0.03155401,0.012989623,0.008028352,0.000564739
726,0.2769709,0.2318605,0.24662319,0.17126861,0.073276795
727,0.5183295,0.14946055,0.18449402,0.10469801,0.04301793
728,0.22039372,0.2261508,0.265132,0.20144494,0.08687854
729,0.11934815,0.037872653,0.2747222,0.4110035,0.15705344
730,0.12675595,0.084128626,0.30316567,0.33728135,0.14866844
731,0.45299184,0.14351343,0.22257343,0.12226448,0.058656897
732,0.97714007,0.009759694,0.006795629,0.006299376,5.0939902e-06
733,0.90477246,0.056556005,0.020125564,0.01749309,0.0010529128
734,0.999979,6.362468e-11,9.881002e-06,1.1026945e-05,1.1757856e-21
735,0.13958557,0.06873591,0.29932505,0.3441497,0.14820375
736,0.8322263,0.03856499,0.09009584,0.02532518,0.013787667
737,0.13450642,0.08834634,0.29906514,0.33641663,0.1416654
738,0.1418812,0.070906825,0.2979067,0.3427041,0.14660119
739,0.13598864,0.08581108,0.3020886,0.3303003,0.14581144
740,0.122728564,0.06597454,0.29611576,0.36049804,0.15468307
741,0.60518426,0.10812974,0.17343003,0.075660914,0.037595086
742,0.99100846,0.001234287,0.004378119,0.0033790723,4.377857e-08
743,0.82622063,0.05441217,0.0781581,0.029546343,0.011662783
744,0.87871933,0.050973054,0.04341096,0.021612834,0.0052838377
745,0.16037703,0.13779348,0.29844293,0.27948332,0.12390319
746,0.9961784,0.0002530602,0.0018579973,0.0017104859,1.8633677e-09
747,0.12967753,0.06308456,0.29836655,0.35622805,0.15264322
748,0.12937975,0.061546497,0.29441988,0.36331308,0.15134078
749,0.120677605,0.044911683,0.2851711,0.39162245,0.15761718
750,1.0,5.4339554e-18,3.1468563e-08,1.0094588e-08,7.4557906e-38
751,0.9085792,0.02790204,0.0450751,0.013169119,0.0052746856
752,0.16530128,0.13873786,0.29842168,0.27392483,0.12361431
753,0.14620484,0.08024985,0.29842594,0.3304716,0.14464773
754,0.1153186,0.04402064,0.28400084,0.3972549,0.15940501
755,0.90773815,0.027651438,0.045651928,0.013425136,0.0055334107
756,0.17168331,0.14563845,0.29274556,0.27181065,0.118122056
757,0.7992501,0.0507271,0.10019939,0.033607647,0.016215643
758,0.9996038,2.064748e-08,0.00020973332,0.0001864537,1.2459017e-17
759,0.19595432,0.19495465,0.28291282,0.22795461,0.098223574
760,0.9542326,0.023875872,0.010443727,0.011399443,4.842349e-05
761,0.18604268,0.15836847,0.2908172,0.25429142,0.11048018
762,0.99970055,1.0622225e-08,0.0001604964,0.00013899097,3.107682e-18
763,0.272103,0.25351095,0.23425005,0.16972159,0.070414394
764,0.14944758,0.121419586,0.3005053,0.2985192,0.13010839
765,0.9566605,0.023701303,0.010673805,0.008920118,4.4252385e-05
766,0.17039971,0.15709394,0.29621714,0.26184395,0.11444524
767,0.16369136,0.1500033,0.29788134,0.26968247,0.11874152
768,0.87032837,0.058033984,0.042348847,0.024384545,0.0049042376
769,0.11193981,0.034758985,0.27407053,0.4162137,0.16301699
770,0.20861924,0.20952606,0.27138022,0.21677591,0.09369857
771,0.19979796,0.18438129,0.2837765,0.23103823,0.10100609
772,0.17620057,0.17590095,0.2912167,0.24782364,0.10885818
773,0.8204515,0.045036655,0.09108048,0.029370723,0.014060666
774,0.4198349,0.19266059,0.21337481,0.12079864,0.053331092
775,0.47870085,0.15993203,0.19617435,0.117496125,0.04769661
776,0.848469,0.03869293,0.0785452,0.022754777,0.01153801
777,0.15376961,0.08189221,0.2948388,0.32680658,0.14269279
778,0.14237157,0.08030137,0.29524797,0.34137666,0.1407024
779,0.21078397,0.19142678,0.2775887,0.22320215,0.096998386
780,0.19968686,0.18219797,0.28159368,0.23607282,0.10044867
781,0.1448921,0.1082871,0.2968233,0.3098096,0.1401879
782,0.9829359,0.0048367586,0.0067207743,0.005505826,6.514733e-07
783,0.18643408,0.15367967,0.28963807,0.25709233,0.11315587
784,0.1452958,0.10681005,0.29990765,0.31072453,0.13726194
785,0.12994488,0.0770364,0.30211386,0.33945864,0.1514463
786,0.12609333,0.06058689,0.2951771,0.3604529,0.15768982
787,0.23308814,0.22550465,0.26055375,0.19650124,0.084352195
788,0.12052909,0.064192966,0.29468602,0.36750194,0.15309003
789,0.13081533,0.0645038,0.29739293,0.35507196,0.15221594
790,0.8980345,0.057874896,0.02574141,0.016663084,0.0016861343
791,0.94126785,0.02828671,0.019772545,0.008899313,0.0017735081
792,0.1286385,0.04410066,0.28370708,0.3881967,0.15535705
793,0.13516524,0.08948672,0.29732004,0.33754256,0.14048545
794,0.11735767,0.05513166,0.29549274,0.3730111,0.15900683
795,0.30993617,0.2624325,0.22039744,0.14643319,0.06080068
796,0.22542173,0.21525137,0.2657066,0.20475683,0.088863425
797,0.9911287,0.0011101348,0.004102895,0.0036582688,3.3904364e-08
798,0.94113076,0.034519866,0.014793932,0.009321393,0.00023407089
799,0.13211395,0.051329702,0.28941572,0.37184203,0.1552986
800,0.42315504,0.16460194,0.2241837,0.12958091,0.05847839
801,0.12746643,0.0646854,0.29873252,0.355416,0.15369965
802,0.1367534,0.07416432,0.29696336,0.34650663,0.14561227
803,1.0,1.759389e-18,1.630296e-08,5.8749965e-09,4.261374e-39
804,0.91492504,0.052684713,0.016719053,0.015370274,0.000300923
805,0.94239664,0.03220019,0.01439568,0.010828717,0.00017878001
806,0.93332577,0.029669954,0.015988247,0.020962015,5.412317e-05
807,0.27305174,0.24819896,0.23974869,0.16749467,0.07150597
808,0.90079254,0.031438693,0.046476938,0.015528567,0.0057633566
809,0.3133839,0.2586996,0.22185223,0.14525644,0.060807817
810,0.18331513,0.21004315,0.2806454,0.22778466,0.098211594
811,0.13812679,0.087320596,0.3000645,0.3299015,0.14458662
812,0.13383432,0.078183584,0.3029939,0.3384487,0.14653955
813,0.12049823,0.04858612,0.28894547,0.38421637,0.15775384
814,0.9507278,0.029161517,0.012333982,0.0069116405,0.00086513616
815,0.8569881,0.030212274,0.07961003,0.021274805,0.011914786
816,0.9910158,0.0011360209,0.0041616242,0.0036864516,3.5348304e-08
817,0.14078018,0.08190951,0.3030436,0.32987925,0.14438741
818,0.14581048,0.09855359,0.30064526,0.318223,0.13676766
819,0.20934433,0.21098392,0.27339903,0.21437183,0.09190091
820,0.765175,0.057750184,0.11769917,0.038476795,0.020898823
821,0.1326882,0.06553119,0.2956086,0.35564834,0.15052362
822,0.14369068,0.07875181,0.301914,0.33194247,0.143701
823,0.1415716,0.07037956,0.29833052,0.34322104,0.14649722
824,0.95552015,0.024346784,0.009604504,0.010417565,0.000110916066
825,0.91120034,0.0207666,0.050103284,0.011812991,0.006116821
826,0.1389656,0.0927147,0.3036972,0.32302874,0.14159374
827,0.9335062,0.040868245,0.01401765,0.011002543,0.00060538633
828,0.2027262,0.2159971,0.27253026,0.21680664,0.09193984
829,0.23567046,0.22494912,0.25968936,0.19506964,0.08462141
830,0.13267109,0.07001341,0.2986429,0.35023573,0.14843683
831,0.93158096,0.031005649,0.023984276,0.011102035,0.0023271195
832,0.97866184,0.002818781,0.007213898,0.011305024,4.2431552e-07
833,0.9143212,0.05042667,0.017479872,0.01756322,0.00020902407
834,0.14972055,0.0989796,0.30282247,0.31282544,0.135652
835,0.12745239,0.06047087,0.29634428,0.35983756,0.1558949
836,0.9308871,0.0314423,0.024399988,0.010847558,0.0024230988
837,0.12973109,0.08040297,0.29587594,0.34954858,0.14444146
838,0.14583492,0.09332539,0.3012679,0.32158363,0.1379882
839,0.115608275,0.036258485,0.27588427,0.4117423,0.1605067
840,0.17189807,0.13165481,0.29768726,0.27766272,0.121097095
841,0.19280484,0.21943147,0.2779671,0.21747722,0.092319354
842,0.8781355,0.069399714,0.028628081,0.021949273,0.0018874111
843,0.12660514,0.06544276,0.2952464,0.3576765,0.15502918
844,0.12026434,0.04742729,0.28939554,0.38332984,0.15958294
845,0.15540081,0.11943659,0.3020063,0.2929052,0.13025105
846,0.1553049,0.10873288,0.30136093,0.29987288,0.13472842
847,0.32817575,0.16744944,0.25717023,0.1689053,0.078299254
848,0.14923823,0.12895904,0.30181813,0.29226786,0.12771674
849,0.15696374,0.09900376,0.30252594,0.30760607,0.13390048
850,0.1452419,0.08380382,0.30166933,0.3259006,0.14338437
851,0.75548565,0.11222942,0.064627655,0.058798965,0.008858414
852,0.12699823,0.06526401,0.29802653,0.35456172,0.15514947
853,0.18416397,0.20050968,0.28621373,0.22957176,0.09954084
854,0.21924202,0.23748748,0.26419592,0.19472018,0.08435437
855,0.114567444,0.04922386,0.28913084,0.3839804,0.16309752
856,0.9154195,0.029551484,0.038489908,0.012410336,0.004128823
857,0.8889439,0.06797882,0.021930419,0.01961907,0.0015278184
858,0.13638236,0.06768103,0.29695866,0.34869492,0.150283
859,0.9112131,0.055495635,0.018229742,0.013776769,0.0012846726
860,0.14227013,0.073264346,0.29988068,0.33961734,0.14496756
861,0.15244779,0.12432668,0.298992,0.2928084,0.13142507
862,0.14608587,0.07100238,0.29515228,0.3428754,0.14488403
863,0.9042701,0.02819198,0.047298912,0.014375865,0.005863096
864,0.37059304,0.19308361,0.23315135,0.14052366,0.06264834
865,0.21726783,0.24454021,0.25707936,0.19722323,0.08388935
866,0.13005793,0.05830076,0.29351535,0.36468214,0.15344389
867,0.97509164,0.0009201862,0.009731259,0.014256874,5.5473816e-08
868,0.14522609,0.087969325,0.30225557,0.32336748,0.14118154
869,0.12562373,0.055499393,0.29331356,0.3702155,0.15534782
870,0.9929456,0.0010341398,0.0032648393,0.0027554648,2.7501992e-08
871,0.1540709,0.11946738,0.30344182,0.2934092,0.12961064
872,0.99999785,6.844484e-14,1.3918685e-06,7.2844267e-07,2.703273e-29
873,0.8989113,0.039334618,0.024781778,0.036850605,0.000121598096
874,0.14431812,0.078998536,0.30180705,0.33187264,0.14300363
875,0.1355933,0.08154678,0.3019585,0.3329972,0.14790422
876,0.6620033,0.082859926,0.15869696,0.063859105,0.032580715
877,0.14070328,0.079518944,0.30200848,0.33318946,0.14457981
878,0.1617574,0.121219344,0.3026232,0.28741723,0.12698281
879,0.958531,0.019747825,0.0105805155,0.011112305,2.8312834e-05
880,0.9732092,0.01112068,0.00773822,0.007924549,7.271305e-06
881,0.16945389,0.14590776,0.29716355,0.27004948,0.117425315
882,0.13659091,0.076947376,0.3007234,0.33593512,0.14980318
883,0.85424405,0.040601738,0.072169974,0.022729196,0.010255029
884,0.99528426,2.3908537e-05,0.0022605194,0.0024313547,2.648453e-11
885,0.19441158,0.19974503,0.28112307,0.22688165,0.09783865
886,0.99999666,1.3949021e-13,2.4257115e-06,9.447348e-07,1.2722428e-28
887,0.9912868,0.0017926642,0.00372953,0.0031907875,7.549748e-08
888,0.96894205,0.013704775,0.008518964,0.008816279,1.7926051e-05
889,0.79114264,0.043656558,0.11210518,0.034107003,0.018988617
890,0.12481713,0.048873622,0.2882509,0.380747,0.15731138
891,0.87084323,0.047616035,0.051929876,0.022842588,0.0067682606
892,0.90130407,0.055641457,0.023725146,0.017251661,0.0020777236
893,0.17823265,0.1659741,0.2909559,0.2553902,0.109447144
894,0.14257228,0.1072809,0.30101317,0.31464288,0.13449082
895,0.7668081,0.053725,0.11974647,0.038380105,0.0213404
896,0.8957854,0.058740668,0.026721578,0.017549675,0.0012026819
897,0.12617314,0.060826845,0.29764938,0.3606219,0.15472879
898,0.14687449,0.11033914,0.30003414,0.31213942,0.13061278
899,0.112762176,0.043585807,0.28228548,0.4024716,0.15889493
900,0.1464531,0.099157766,0.30492705,0.3124855,0.1369766
901,0.8359202,0.100076124,0.03223443,0.030230654,0.0015385383
902,0.14847375,0.08428968,0.2979103,0.32930994,0.14001627
903,0.39593813,0.15688494,0.23919792,0.14125332,0.0667257
904,0.18409148,0.16886483,0.28797942,0.25182527,0.10723903
905,0.8825399,0.061375488,0.030639516,0.022280477,0.003164624
906,0.93140644,0.033795316,0.019973366,0.014307132,0.0005177086
907,0.9561163,0.028632024,0.0076816976,0.007467796,0.0001022108
908,0.14458056,0.08023177,0.29510152,0.33624277,0.14384338
909,0.14895914,0.0719647,0.30019924,0.33549273,0.14338422
910,0.96634555,0.013956788,0.009703179,0.009984522,9.9168965e-06
911,0.22301215,0.2368676,0.26229653,0.19375437,0.08406934
912,0.9998344,8.4362256e-10,0.0001157086,4.984335e-05,6.711657e-21
913,0.29774272,0.2619097,0.22702174,0.15034148,0.062984385
914,0.15856954,0.11762915,0.29705822,0.29648373,0.13025932
915,0.92202234,0.04050761,0.022612626,0.012916917,0.0019405221
916,0.9346872,0.01865165,0.034603823,0.008433447,0.0036238711
917,0.9124336,0.05442133,0.017508276,0.014337568,0.001299218
918,0.58474314,0.11530819,0.17206143,0.0877859,0.04010131
919,0.9264485,0.04835975,0.013062059,0.011613509,0.0005161084
920,0.62207305,0.090038694,0.17670266,0.07358063,0.03760498
921,0.1310494,0.058812857,0.29552397,0.3619567,0.1526571
922,0.14862299,0.10327691,0.30303618,0.3096516,0.13541229
923,0.799835,0.053029977,0.09690063,0.0344226,0.01581181
924,0.9188985,0.048243966,0.018435832,0.013053617,0.0013680955
925,0.9209084,0.043843158,0.02109906,0.013586431,0.0005629918
926,0.10620856,0.037580304,0.28176898,0.40881297,0.16562928
927,0.9177675,0.051783,0.016716529,0.012675757,0.0010572297
928,0.17699987,0.18705647,0.29050547,0.24102655,0.10441164
929,0.12392713,0.0617095,0.29413602,0.3640206,0.1562068
930,0.76739836,0.06563816,0.104884036,0.04518379,0.016895592
931,0.87885505,0.034876954,0.060111597,0.018255847,0.007900572
932,0.15392584,0.10581234,0.30021083,0.30542487,0.13462614
933,0.23756455,0.24109402,0.25559816,0.18606271,0.0796806
934,0.9637809,0.01686313,0.010271752,0.009070744,1.3398488e-05
935,0.2149824,0.21807085,0.26706663,0.20959386,0.09028624
936,0.21924713,0.224949,0.26947162,0.2003934,0.08593885
937,0.13557146,0.06508389,0.2959346,0.3542769,0.14913318
938,0.13524254,0.09151961,0.29549003,0.33550966,0.14223818
939,0.15011895,0.11732269,0.30028588,0.30108774,0.13118476
940,0.8656506,0.027710982,0.07600592,0.019636378,0.010996102
941,0.12752171,0.05754646,0.29553053,0.36403415,0.15536712
942,0.1187652,0.038489804,0.28027794,0.40374553,0.15872149
943,0.20162912,0.16750932,0.28348944,0.24261342,0.10475869
944,0.9466116,0.028658941,0.011857112,0.012805327,6.705827e-05
945,0.13240755,0.07770642,0.29619923,0.3485207,0.1451661
946,0.11308661,0.036893595,0.27832234,0.40874982,0.16294767
947,0.299075,0.25974882,0.22456528,0.1532659,0.063345
948,0.13498718,0.096330576,0.3025794,0.32244232,0.14366053
949,0.33889544,0.19134681,0.24575634,0.15573892,0.0682625
950,0.85438395,0.037101068,0.07567892,0.021797812,0.011038217
951,0.20762353,0.23179775,0.26877478,0.20470616,0.08709779
952,0.11793576,0.05370886,0.291031,0.3780811,0.15924324
953,0.6996737,0.08953778,0.12513766,0.06113883,0.024511969
954,0.9716955,0.012310805,0.009397957,0.00658394,1.1767648e-05
955,0.14719714,0.09846008,0.30071694,0.31366605,0.13995978
956,0.96717393,0.017125044,0.008071805,0.0076088854,2.0355108e-05
957,0.11511187,0.039724514,0.28017455,0.4042927,0.16069628
958,0.21241629,0.22805503,0.2693738,0.20241107,0.087743744
959,0.19641769,0.19982888,0.27986845,0.22718824,0.096696734
960,0.1406254,0.067654826,0.29560488,0.34875253,0.14736238
961,0.9189289,0.048453167,0.018488,0.013100474,0.001029524
962,0.61490726,0.09393933,0.17656992,0.075771116,0.038812343
963,0.13948707,0.09496958,0.30439508,0.32085183,0.14029647
964,0.94603044,0.030748557,0.011150338,0.0119455615,0.00012504475
965,0.13163978,0.070889026,0.3006947,0.34694746,0.149829
966,0.11759759,0.06079579,0.2944754,0.36951375,0.15761738
967,0.15180577,0.13737263,0.30195212,0.28528553,0.123583995
968,0.94529283,0.032679886,0.0117544895,0.0101622,0.00011067053
969,0.99999547,3.275949e-13,2.9507457e-06,1.5593531e-06,5.417077e-28
970,0.8860778,0.03684568,0.052635062,0.017594788,0.0068464843
971,0.15023334,0.124753244,0.3004694,0.29323718,0.13130684
972,0.1582738,0.11037513,0.2998009,0.3008992,0.13065094
973,0.12061936,0.05528181,0.29357535,0.37257448,0.15794897
974,0.9209467,0.03579548,0.027131226,0.013348676,0.0027779005
975,0.8669272,0.08280211,0.023247948,0.026193786,0.0008289342
976,0.14627749,0.09627318,0.30399865,0.31475762,0.13869303
977,0.24249434,0.16856328,0.28025013,0.21181373,0.09687856
978,0.12832366,0.05689883,0.29177344,0.37046453,0.1525395
979,0.66044784,0.08159389,0.16108985,0.0635453,0.033323094
980,0.86077243,0.03590614,0.07080157,0.022252556,0.010267218
981,0.4363305,0.16881844,0.21725425,0.121371716,0.05622511
982,0.11196293,0.03412934,0.2698542,0.42159164,0.16246182
983,0.73370045,0.0661596,0.12991963,0.045832176,0.02438816
984,0.20679975,0.21168983,0.27312365,0.21448539,0.09390135
985,0.9510734,0.0028279938,0.017973443,0.028124742,4.2579555e-07
986,0.9908188,5.5642362e-05,0.0038846193,0.005240861,2.1129075e-10
987,0.13507058,0.07227668,0.3007516,0.3435126,0.14838858
988,0.17641628,0.16598848,0.29089126,0.25361285,0.11309114
989,0.9166747,0.036527254,0.030183537,0.013357254,0.0032572518
990,0.132887,0.06456887,0.29491764,0.35666603,0.15096039
991,0.13727222,0.092208244,0.3049283,0.32216507,0.14342615
992,0.13296166,0.06720694,0.29628235,0.35375053,0.14979851
993,0.1519029,0.12062503,0.30052224,0.2976983,0.12925154
994,0.9999584,1.05013304e-10,2.57737e-05,1.5867226e-05,1.5703318e-22
995,0.15950976,0.12067234,0.30190182,0.29014662,0.12776944
996,0.10827478,0.034274183,0.27825868,0.4144444,0.16474804
997,0.9368966,0.035565227,0.014526183,0.012702833,0.0003091324
998,0.14738199,0.07786993,0.29683205,0.33596006,0.14195596
999,0.14231367,0.066066466,0.2975664,0.34697258,0.14708085
1000,0.13257356,0.07017153,0.30037165,0.3466012,0.15028211
1001,0.97096485,0.00074481,0.011427566,0.016862776,2.9142763e-08
1002,0.14157343,0.07824203,0.29804215,0.33803228,0.14411014
1003,0.1236887,0.07608191,0.2983844,0.35297352,0.14887147
1004,0.16659954,0.12455879,0.30079588,0.28266254,0.12538324
1005,0.1340908,0.08988896,0.28816986,0.3496217,0.13822871
1006,0.85549635,0.052327566,0.058696177,0.025490487,0.007989471
1007,0.14244579,0.081681706,0.3018474,0.33132333,0.14270183
1008,0.12298493,0.060725532,0.29422623,0.36456156,0.15750176
1009,0.15153244,0.09581799,0.30429164,0.31173426,0.1366237
1010,0.13204607,0.05112478,0.28749996,0.37612057,0.15320854
1011,0.13554813,0.07851937,0.29851544,0.34226432,0.14515279
1012,0.13714607,0.06776339,0.29351878,0.35516796,0.14640376
1013,0.90802103,0.057902463,0.017717864,0.015799388,0.0005591752
1014,0.9068796,0.026796458,0.047080617,0.013465613,0.005777724
1015,0.17938423,0.16942964,0.29108545,0.2514932,0.10860742
1016,0.98769045,0.0028624022,0.0048254537,0.004621373,3.2797203e-07
1017,0.90037304,0.043735247,0.037132967,0.015072875,0.0036859598
1018,0.8337929,0.042163502,0.08552018,0.025557287,0.012966089
1019,0.19386485,0.11338381,0.29894325,0.27354452,0.12026354
1020,0.15351884,0.11761511,0.30182412,0.2954258,0.13161612
1021,0.23553085,0.2504888,0.25382084,0.18239327,0.07776622
1022,0.1336977,0.08486882,0.30299813,0.33240467,0.14603075
1023,0.78795207,0.04278101,0.11310223,0.03673062,0.019434111
1024,0.91111416,0.034375373,0.036203366,0.01419485,0.004112176
1025,0.9136042,0.03259778,0.035612043,0.014094521,0.004091455
1026,0.34286508,0.13500227,0.26105663,0.17782672,0.083249316
1027,0.18563108,0.15003656,0.28972438,0.25991523,0.11469266
1028,0.67394805,0.099056266,0.13204932,0.068122625,0.026823733
1029,0.1424823,0.09488682,0.3025185,0.31983653,0.1402759
1030,0.36009848,0.1645616,0.24926816,0.15343657,0.07263522
1031,0.9596643,0.019976672,0.009863716,0.010466218,2.910652e-05
1032,0.11477478,0.040107783,0.28186023,0.40157816,0.16167895
1033,0.9315734,0.038823295,0.01731853,0.0108663635,0.0014184418
1034,0.91451573,0.05372747,0.015390184,0.015852772,0.00051377335
1035,0.12600078,0.055683672,0.2944603,0.36690193,0.1569533
1036,0.29281533,0.17634337,0.26463187,0.18249461,0.08371484
1037,0.14752947,0.09155097,0.2986781,0.32325938,0.13898204
1038,0.984144,0.00034563558,0.0077442992,0.0077660545,6.703102e-09
1039,0.23108998,0.24962205,0.25265127,0.18732488,0.07931184
1040,0.9905635,0.0023592743,0.0039594187,0.0031177294,1.6389271e-07
1041,0.13311161,0.08538741,0.29943258,0.33730304,0.14476529
1042,0.20276563,0.21655485,0.2734321,0.21371683,0.093530566
1043,0.11495626,0.048585627,0.290042,0.3831279,0.16328818
1044,0.97833234,0.007112192,0.0074336585,0.0071192365,2.5180764e-06
1045,0.53990763,0.12275199,0.19619489,0.09478892,0.046356563
1046,0.14478281,0.07975813,0.29598108,0.3338058,0.14567214
1047,0.12743932,0.054018196,0.29151478,0.37228277,0.15474494
1048,0.14215529,0.06710051,0.29278618,0.35087314,0.14708489
1049,0.7058709,0.15365574,0.0530214,0.082825184,0.0046267845
1050,0.2008144,0.21833688,0.27614087,0.21289687,0.091810994
1051,0.31237206,0.25523344,0.2216343,0.14850052,0.062259704
1052,0.22317556,0.21083586,0.26965594,0.20770942,0.08862321
1053,0.118526146,0.059536763,0.29368675,0.3716341,0.15661624
1054,0.26705027,0.25917774,0.2378835,0.16619134,0.06969713
1055,0.12554523,0.065325566,0.29719862,0.36028254,0.15164803
1056,0.16916598,0.17078733,0.29385287,0.25517562,0.11101818
1057,0.3945956,0.17122474,0.22225082,0.15016174,0.061767142
1058,0.2704644,0.24506731,0.24391437,0.16937737,0.07117649
1059,0.25624192,0.2560411,0.2447528,0.17066614,0.072298035
1060,0.124153286,0.044475824,0.28589195,0.38823336,0.15724562
1061,0.16566138,0.12332107,0.30254778,0.28317404,0.12529571
1062,0.15610275,0.12313586,0.29903618,0.2957702,0.12595499
1063,0.94342333,0.02406227,0.022030795,0.008373649,0.0021099418
1064,0.1472922,0.08408819,0.30280662,0.32408926,0.14172374
1065,0.13836908,0.073157094,0.29927504,0.34087723,0.14832154
1066,0.12959109,0.078405485,0.30150273,0.34229815,0.14820254
1067,0.92401,0.018542958,0.042391513,0.01012529,0.004930194
1068,0.6890877,0.068875946,0.15417738,0.057177626,0.030681405
1069,0.99564457,0.00039930554,0.002159737,0.0017964045,3.4366372e-09
1070,0.1252966,0.047443118,0.2857322,0.3853247,0.1562034
1071,0.92297554,0.04533221,0.018320642,0.011856474,0.0015151701
1072,0.22820145,0.23546752,0.2575017,0.19501542,0.08381391
1073,0.19838084,0.20285724,0.27427793,0.22606675,0.09841726
1074,0.14233297,0.14743869,0.29301637,0.2953589,0.12185309
1075,0.9247709,0.032121785,0.029559001,0.010849563,0.0026986564
1076,0.22591609,0.26055607,0.24836658,0.18725914,0.07790211
1077,0.14115396,0.0743979,0.2991232,0.33865792,0.14666699
1078,0.18260792,0.16675523,0.28884745,0.25071,0.11107939
1079,0.7987725,0.049944222,0.10111845,0.033765502,0.016399384
